Date,Active_Rig_Count,Offshore_Rig_Supply,Offshore_Rig_Active,Offshore_Utilization_Rate,Land_Rig_Active_Count,Crude_Price_2010_USD,World_Petrol_Cunsump,World_Petrol_Production,Adjusted_Nat_Gas_Price_2010
Jan-75,2694,,,,,46.53,47035.548,47035.548,
Feb-75,2718,,,,,46.27,46047.671,46047.671,
Mar-75,2769,,,,,46.09,46091.935,46091.935,
Apr-75,2593,,,,,45.92,45721.056,45721.056,
May-75,2557,,,,,45.83,46119.653,46119.653,
Jun-75,2650,,,,,45.49,47347.611,47347.611,
Jul-75,2670,,,,,45.07,48728.312,48728.312,
Aug-75,2711,,,,,44.9,49696.57,49696.57,
Sep-75,2743,,,,,44.57,51649.159,51649.159,
Oct-75,2801,,,,,44.33,46064.983,46064.983,
Nov-75,2853,,,,,44.01,47778.257,47778.257,
Dec-75,2899,,,,,43.77,48495.763,48495.763,
Jan-76,2871,,,,,43.62,47599.944,47599.944,
Feb-76,2765,,,,,46.93,48977.046,48977.046,
Mar-76,2699,,,,,47.12,50400.282,50400.282,
Apr-76,2511,,,,,47.31,49371.106,49371.106,
May-76,2578,,,,,47.06,49593.629,49593.629,
Jun-76,2698,,,,,46.81,51437.517,51437.517,
Jul-76,2723,,,,,46.56,51622.399,51622.399,
Aug-76,2848,,,,,46.32,51986.931,51986.931,
Sep-76,2888,,,,,52.63,52964.119,52964.119,
Oct-76,2926,,,,,52.35,54762.766,54762.766,
Nov-76,2976,,,,,52.17,55362.104,55362.104,
Dec-76,3013,,,,,51.91,56740.09,56740.09,
Jan-77,3033,,,,,51.64,51027.271,51027.271,
Feb-77,3095,,,,,51.12,54815.088,54815.088,
Mar-77,3123,,,,,50.86,55211.7,55211.7,
Apr-77,3012,,,,,50.52,54416.635,54416.635,
May-77,3098,,,,,50.35,52474.323,52474.323,
Jun-77,3182,,,,,50.1,53348.465,53348.465,
Jul-77,3233,,,,,49.86,52231.314,52231.314,
Aug-77,3317,,,,,53,52975.404,52975.404,
Sep-77,3313,,,,,52.83,54427.505,54427.505,
Oct-77,3353,,,,,52.57,54084.205,54084.205,
Nov-77,3398,,,,,52.23,55244.055,55244.055,
Dec-77,3444,,,,,51.98,56465.805,56465.805,
Jan-78,3403,,,,,51.65,50807.837,50807.837,
Feb-78,3452,,,,,51.4,52261.748,52261.748,
Mar-78,3486,,,,,51.08,52772.346,52772.346,
Apr-78,3423,,,,,50.68,53605.765,53605.765,
May-78,3507,,,,,50.21,52698.479,52698.479,
Jun-78,3605,,,,,49.82,54033.647,54033.647,
Jul-78,3667,,,,,49.44,53699.466,53699.466,
Aug-78,3712,,,,,49.14,54475.411,54475.411,
Sep-78,3701,,,,,48.7,56663.609,56663.609,
Oct-78,3738,,,,,48.26,57069.268,57069.268,
Nov-78,3800,,,,,47.98,57221.37,57221.37,
Dec-78,3737,,,,,47.69,55776.818,55776.818,
Jan-79,3610,,,,,47.28,54160.568,54160.568,
Feb-79,3520,,,,,49.95,54451.215,54451.215,
Mar-79,3409,,,,,49.45,55806.997,55806.997,
Apr-79,3271,,,,,48.96,56733.737,56733.737,
May-79,3270,,,,,55.28,56589.122,56589.122,
Jun-79,3436,,,,,57.69,56862.832,56862.832,
Jul-79,3565,,,,,64.98,57437.976,57437.976,
Aug-79,3749,,,,,78.41,57316.11,57316.11,
Sep-79,3865,,,,,83.54,57177.794,57177.794,
Oct-79,3963,,,,,84.1,57565.031,57565.031,
Nov-79,4070,,,,,88.95,57856.05,57856.05,
Dec-79,4176,,,,,92.17,57329.408,57329.408,
Jan-80,4155,,,,,90.87,56365.776,56365.776,
Feb-80,4275,,,,,102.14,56855.422,56855.422,
Mar-80,4318,,,,,103.46,55736.996,55736.996,
Apr-80,4271,,,,,106.48,54432.987,54432.987,
May-80,4442,,,,,105.44,53945.816,53945.816,
Jun-80,4534,,,,,104.41,54199.215,54199.215,
Jul-80,4674,,,,,104.29,53691.345,53691.345,
Aug-80,4796,,,,,99.6,53520.055,53520.055,
Sep-80,4835,,,,,93.57,52420.661,52420.661,
Oct-80,4905,,,,,92.69,49894.066,49894.066,
Nov-80,4989,,,,,91.72,50782.572,50782.572,
Dec-80,5037,,,,,93.39,51976.928,51976.928,
Jan-81,5105,,,,,95.03,51759.718,51759.718,
Feb-81,5309,,,,,94.17,51993.703,51993.703,
Mar-81,5382,,,,,93.53,52563.569,52563.569,
Apr-81,5267,,,,,93.01,51572.008,51572.008,
May-81,5358,,,,,92.39,50848.94,50848.94,
Jun-81,5515,,,,,86.75,50385.374,50385.374,
Jul-81,5605,,,,,85.8,48677.885,48677.885,
Aug-81,5750,,,,,85.15,48421.206,48421.206,
Sep-81,5885,,,,,84.33,48219.253,48219.253,
Oct-81,5995,,,,,81.72,48451.032,48451.032,
Nov-81,6093,,,,,83.7,47895.052,47895.052,
Dec-81,6227,,,,,81.11,48897.837,48897.837,
Jan-82,6148,,,,,78.2,79884.407,48637.439,5.151677966
Feb-82,5965,,,,,72.68,80408.516,48011.115,5.29655755
Mar-82,5589,,,,,65.59,77365.74,46337.263,5.411700106
Apr-82,5035,,,,,76.79,75243.632,45279.323,5.509389474
May-82,4741,,,,,81.71,73357.848,45948.266,5.571386861
Jun-82,4513,,,,,78.85,75732.963,47771.837,5.508206186
Jul-82,4350,,,,,76.41,75018.475,47532.928,5.524693333
Aug-82,4226,,,,,75.78,74574.88,47396.586,5.64731218
Sep-82,4088,,,,,79.53,75176.543,47292.627,5.714276356
Oct-82,4038,,,,,79.32,76367.594,48674.037,5.779898063
Nov-82,4260,,,,,75.99,78324.598,49308.525,5.830302041
Dec-82,4489,,,,,70.8,78254.527,48300.312,5.848204708
Jan-83,4279,,,,,69.48,74940.298,46766.046,5.925360572
Feb-83,3806,,,,,64.42,73893.198,44120.298,5.919314286
Mar-83,3551,,,,,64.07,74679.448,44990.944,5.735437309
Apr-83,3203,,,,,67.57,72253.44,44731.315,5.584437247
May-83,3275,,,,,65.95,73041.839,46460.134,5.561919355
Jun-83,3439,,,,,68.01,74324.841,46584.044,5.682366197
Jul-83,3500,,,,,69.18,75020.916,48243.091,5.506629259
Aug-83,3656,,,,,69.52,76124.558,48148.443,5.620843157
Sep-83,3706,,,,,67.57,76652.295,48148.443,5.799537849
Oct-83,3799,,,,,65.79,76292.821,48368.573,5.581809524
Nov-83,4011,,,,,64.37,78056.143,48427.305,5.608387735
Dec-83,4270,,,,,62.89,79750.554,47761.613,5.613301775
Jan-84,4133,,,,,63.42,79952.50274,47805.50274,5.702973555
Feb-84,3971,,,,,64.07,79976.19803,48178.74976,5.760202729
Mar-84,3789,,,,,65.19,79602.28782,47828.02976,5.658635569
Apr-84,3454,,,,,64.64,77313.12009,47996.08676,5.573390126
May-84,3655,,,,,64.31,77013.36587,47637.84974,5.625831884
Jun-84,3800,,,,,63.02,78019.25472,48696.15472,5.67807136
Jul-84,3858,,,,,60.23,77281.41871,48083.54774,5.614355427
Aug-84,3928,,,,,61.1,76498.06226,46500.99774,5.619111111
Sep-84,3911,,,,,61.05,76136.74941,46928.68274,5.457207259
Oct-84,3995,,,,,59.69,77248.58529,47303.39174,5.457187441
Nov-84,4174,,,,,58.19,78367.44441,47471.47774,5.405401709
Dec-84,4331,,,,,52.56,78274.83818,47336.16076,5.312470142
Jan-85,4050,,,,,52.9,78317.26217,45918.5525,5.446842006
Feb-85,3836,,,,,55.95,79743.14236,47331.10665,5.559706491
Mar-85,3610,,,,,57.66,77382.29526,47536.263,5.349902622
Apr-85,3281,,,,,58.71,75828.41702,47097.45035,5.380665421
May-85,3310,,,,,56.19,74039.03003,45710.06229,5.146850746
Jun-85,3455,,,,,55.06,72762.725,44488.225,5.23392
Jul-85,3516,,,,,55.34,74161.08761,45121.636,5.082458682
Aug-85,3546,,,,,56.1,74641.22251,45006.99671,4.992192771
Sep-85,3507,,,,,57.07,75675.12767,46956.061,4.882086957
Oct-85,3464,,,,,59.37,78674.44568,48536.15535,4.763590783
Nov-85,3550,656.13,560.67,85.45,2989.33,61.65,79015.112,48996.112,4.72173211
Dec-85,3618,655.52,557.97,85.12,3060.03,54.23,81258.56758,49256.08371,4.540843836
Jan-86,3495,658.23,541.16,82.22,2953.84,45.53,79263.87342,48123.196,4.524316652
Feb-86,3123,656.32,512.18,78.04,2610.82,30.7,81018.14143,48338.82,4.492805834
Mar-86,2681,655.81,467.77,71.33,2213.23,25.22,78789.87297,47857.002,4.317624198
Apr-86,2144,656.23,432.13,65.85,1711.87,25.77,78570.30667,47981.64,4.213137075
May-86,1938,658.19,407.35,61.89,1530.65,30.9,78336.06029,48976.899,3.921438532
Jun-86,1851,653.07,397.93,60.93,1453.07,26.85,79572.84467,49746.078,3.687824497
Jul-86,1772,656.48,397.9,60.61,1374.1,23.05,81053.32613,50840.81,3.584876712
Aug-86,1823,656.19,379.87,57.89,1443.13,30.03,81556.84103,51387.712,3.521912409
Sep-86,1826,657.03,382.33,58.19,1443.67,29.57,77496.13533,47575.002,3.528930909
Oct-86,1903,656.23,384.35,58.57,1518.65,29.39,78698.67742,47862,3.423578947
Nov-86,1957,653.27,395.77,60.58,1561.23,30.04,79540.57033,48687.837,3.496391304
Dec-86,2132,654.74,392.97,60.02,1739.03,31.64,82279.87726,48869.845,3.464086643
Jan-87,2125,654.03,381.48,58.33,1743.52,36.52,80231.49008,48300.58686,3.406276481
Feb-87,1909,653.75,369.5,56.52,1539.5,34.58,80374.85785,47633.10785,3.374583184
Mar-87,1889,645.84,376.58,58.31,1512.42,35.58,78682.18151,46980.18151,3.362552585
Apr-87,1782,644.7,379.97,58.94,1402.03,36.08,78285.74312,47714.57645,3.270232476
May-87,1785,644.45,399.1,61.93,1385.9,37.47,77394.0809,48304.27445,3.184353982
Jun-87,1879,644.3,411.9,63.93,1467.1,38.49,78859.42378,48002.49045,3.170325991
Jul-87,2027,643.94,435.61,67.65,1591.39,40.92,81903.99816,50282.99816,3.18113181
Aug-87,2166,641.87,442.81,68.99,1723.19,38.68,81201.32244,50985.5805,3.109977253
Sep-87,2336,641.37,448.67,69.95,1887.33,37.12,81829.77551,50544.84218,2.966040105
Oct-87,2396,638.61,456.29,71.45,1939.71,37.64,82028.21573,50697.3125,2.977266087
Nov-87,2461,636.97,462.63,72.63,1998.37,35.75,81598.23186,50200.53186,3.099230503
Dec-87,2411,634.58,463.87,73.1,1947.13,32.53,84231.95379,50264.7925,3.207058824
Jan-88,2283,632.97,466.29,73.67,1816.71,32.26,81673.94781,49461.68975,3.6848
Feb-88,2313,632.07,466.1,73.74,1846.9,31.46,83824.36986,49519.26641,3.453246127
Mar-88,2301,632.55,468.97,74.14,1832.03,30.36,83560.80991,49789.03572,3.182283262
Apr-88,2052,631.47,469.23,74.31,1582.77,33.26,80982.86789,50159.40122,2.958593857
May-88,2063,628.97,467.77,74.37,1595.23,32.36,79737.08374,49881.01922,2.82112
Jun-88,2114,628.67,472.63,75.18,1641.37,30.55,81380.16489,49564.49822,2.827647458
Jul-88,2121,627.68,467.9,74.55,1653.1,28.52,81227.58951,49913.42822,2.870926582
Aug-88,2144,628,463.87,73.86,1680.13,28.45,83029.11554,51061.82522,2.968820168
Sep-88,2218,625,458.33,73.33,1759.67,26.4,83512.03989,51495.47322,2.792153975
Oct-88,2145,623.81,459.87,73.72,1685.13,25.1,85528.98709,53055.50322,3.055666389
Nov-88,2185,623.9,457.8,73.38,1727.2,25.34,88184.63355,53609.70022,3.190530341
Dec-88,2031,621.68,449.29,72.27,1581.71,29.39,89752.27454,53737.98422,3.414840099
Jan-89,1955,619.45,433.94,70.05,1521.06,32.36,83708.22825,50773.45406,3.580686469
Feb-89,1957,614.64,434.54,70.7,1522.46,31.97,84935.60477,50236.31906,3.246092105
Mar-89,1919,614.48,443.52,72.18,1475.48,34.7,85035.10187,50642.87606,3.016
Apr-89,1802,613.7,446.07,72.68,1355.93,37.27,82517.24759,51213.51426,2.763645816
May-89,1735,613.1,459.9,75.01,1275.1,35.32,81963.22723,51088.35626,2.838389652
Jun-89,1787,610.63,468.4,76.71,1318.6,35.15,83448.68338,51166.01671,2.899532635
Jul-89,1832,608.9,469.68,77.13,1362.32,34.41,82510.87587,51481.23071,2.890216867
Aug-89,1866,604.29,468.13,77.47,1397.87,32.44,84764.72765,52266.98571,2.820151004
Sep-89,1951,603.1,472.87,78.41,1478.13,34.24,84443.76087,52300.26087,2.708525641
Oct-89,2020,599.39,481.03,80.25,1538.97,34.94,85971.62748,52720.62748,2.782519936
Nov-89,2079,596.97,481.3,80.62,1597.7,34.33,87812.34215,53478.67548,3.291119936
Dec-89,2127,595.74,476.61,80,1650.39,36.41,89857.74922,53091.78148,3.867768804
Jan-90,2073,596.9,472.13,79.1,1600.87,38.73,86647.54582,52775.96517,4.08793098
Feb-90,2049,597.46,474.71,79.45,1574.29,37.67,87620.63465,52968.49179,3.237125
Mar-90,2054,597.16,475.55,79.63,1578.45,34.62,87586.66369,53715.59917,2.628491446
Apr-90,1947,595.47,476.43,80.01,1470.57,31.44,85250.76055,53363.52722,2.520862684
May-90,1964,596.77,486.65,81.55,1477.35,30.81,84853.21074,52895.72687,2.483172734
Jun-90,2037,597.2,484.1,81.06,1552.9,28.32,84497.3328,52041.06613,2.467879908
Jul-90,2029,595.94,482.42,80.95,1546.58,31.15,85409.76763,52150.54182,2.356266667
Aug-90,1987,596.77,485.35,81.33,1501.65,45.03,82511.90491,48455.13072,2.253714286
Sep-90,2004,596.63,483.3,81,1520.7,55.44,83059.75921,50991.59254,2.370076981
Oct-90,2069,597.35,485.48,81.27,1583.52,58.72,84013.34658,51404.18529,2.762782609
Nov-90,2202,596.67,484.73,81.24,1717.27,52.68,85181.02025,51955.42025,3.425340314
Dec-90,2214,598.1,476,79.59,1738,44.42,85856.70812,52099.12748,3.428828614
Jan-91,2141,601.26,476.97,79.33,1664.03,40.41,87130.90462,51993.67881,2.703738679
Feb-91,2084,602.61,478.07,79.33,1605.93,33.2,85562.76171,51604.69028,2.20021365
Mar-91,2045,602.19,481,79.87,1564,32.13,84512.05574,51859.82993,2.167857567
Apr-91,1839,599.2,475.6,79.37,1363.4,33.61,82891.13733,50552.204,2.146901554
May-91,1786,602.13,482.29,80.1,1303.71,34.16,82377.49671,50350.78703,2.106820059
Jun-91,1868,600.77,485.87,80.87,1382.13,32.38,83292.17772,50626.54439,1.924235294
Jul-91,1861,601.65,481.65,80.05,1379.35,34.3,84112.50658,51502.73239,1.905397944
Aug-91,1822,602.97,473.61,78.55,1348.39,34.62,83559.36572,50814.23669,2.091396779
Sep-91,1755,599.57,474.7,79.17,1280.3,34.79,84503.2154,52080.8154,2.594674453
Oct-91,1821,599.03,475.1,79.31,1345.9,36.92,85762.12366,51856.8656,2.813422741
Nov-91,1848,596.8,473,79.26,1375,35.55,86231.31574,52098.11574,2.864476052
Dec-91,1831,596.39,463.97,77.8,1367.03,30.8,87842.35896,52534.45574,3.029765557
Jan-92,1743,596.77,446.65,74.84,1296.35,29.68,86959.50894,51697.44442,2.018383225
Feb-92,1694,591.31,438.79,74.21,1255.21,29.89,86120.10552,50905.76069,1.903873016
Mar-92,1615,587.94,434.03,73.82,1180.97,29.66,84418.73363,50168.60459,2.006774982
Apr-92,1549,587.37,432.87,73.7,1116.13,31.67,84141.39522,50515.56188,2.299695839
May-92,1557,585.06,430.61,73.6,1126.39,32.69,81292.1572,49530.96365,2.482084467
Jun-92,1552,584.5,426.47,72.96,1125.53,34.83,82696.97608,49744.50941,2.428299786
Jul-92,1616,582.58,432.74,74.28,1183.26,33.77,84033.93134,50140.15715,2.716298932
Aug-92,1625,582.06,437.39,75.14,1187.61,33.07,82876.68865,50128.2693,3.051261364
Sep-92,1625,581.07,442.67,76.18,1182.33,33.85,84212.57307,50350.33974,3.601179305
Oct-92,1721,580.61,447.48,77.07,1273.52,33.38,85436.46314,51124.43089,3.72444319
Nov-92,1853,581.07,447.3,76.98,1405.7,31.22,85823.50481,51025.90481,3.437714286
Dec-92,1898,576.48,443.97,77.01,1454.03,29.74,87714.16941,51155.91134,3.310279691
Jan-93,1761,575.06,447.61,77.84,1313.39,29.13,84306.1637,50827.67983,2.871081232
Feb-93,1686,572.21,446.86,78.09,1239.14,30.56,87194.21245,51202.56959,2.575508036
Mar-93,1622,569.32,450,79.04,1172,30.96,86644.01307,50593.56145,3.31761619
Apr-93,1483,567.97,446.93,78.69,1036.07,30.74,83580.63359,49993.40026,3.563894298
May-93,1525,567.19,458.23,80.79,1066.77,30.16,81908.111,50069.59487,3.281786408
Jun-93,1651,566.8,453.7,80.05,1197.3,28.82,83468.65082,49816.11748,2.977252945
Jul-93,1668,565.52,449.9,79.56,1218.1,26.96,83987.56129,50372.94839,3.108960554
Aug-93,1732,565.9,453.16,80.08,1278.84,27.12,83434.74019,50214.90148,3.403734807
Sep-93,1795,564.73,456.63,80.86,1338.37,26.34,84532.71861,50150.85194,3.41408
Oct-93,1847,563.81,462.29,81.99,1384.71,27.18,84620.69707,50660.50352,3.02556044
Nov-93,1881,562.23,459.2,81.67,1421.8,24.94,86674.84908,50623.24908,3.375758904
Dec-93,1881,560.39,455.97,81.37,1425.03,21.63,88341.88954,50979.47019,3.488087491
Jan-94,1857,561,445.03,79.33,1411.97,22.36,239550.4484,204137.9,3.488087491
Feb-94,1826,561.32,444.64,79.21,1381.36,21.97,240690.9214,203391.6,4.028608044
Mar-94,1738,561.13,439.29,78.29,1298.71,21.73,239098.4935,203149.3,3.276388851
Apr-94,1594,560.57,436.3,77.83,1157.7,24.27,236351.0333,202016.2,3.022304348
May-94,1610,560.1,436,77.84,1174,26.44,236191.8226,203174.5,2.838736271
Jun-94,1716,559.3,436.9,78.12,1279.1,28.12,238807.1333,204318.2,2.801568627
Jul-94,1754,558.81,432.77,77.45,1321.23,28.88,237621.4581,203346.2,2.880301887
Aug-94,1755,557.42,432.94,77.67,1322.06,26.9,238109.329,202990.2,2.429616107
Sep-94,1824,555.17,437.4,78.79,1386.6,25.5,239933.4667,204961.2,2.17641795
Oct-94,1825,554.52,441.87,79.69,1383.13,25.85,241780.5871,206714.2,2.204155288
Nov-94,1876,552.6,441.93,79.97,1434.07,26.35,243637.1,207857.2,2.300176235
Dec-94,1834,550.74,438.65,79.65,1395.35,24.93,246572.0065,208908.2,2.498984677
Jan-95,1836,549.87,430.52,78.29,1405.48,26.07,243579.8839,208073.4,2.188045183
Feb-95,1826,549.18,433.18,78.88,1392.82,26.78,247204.6143,209359.4,2.28340888
Mar-95,1695,550.9,438.74,79.64,1256.26,26.76,243503.3677,206858.4,2.221185185
Apr-95,1521,548.43,439.07,80.06,1081.93,28.55,244051.5667,209565.4,2.327335968
May-95,1551,547,448.03,81.91,1102.97,28.3,243488.3258,209516.1,2.351421433
Jun-95,1685,546.5,445.9,81.59,1239.1,26.36,241187.2,206363.1,2.318173228
Jul-95,1716,545.94,446.16,81.72,1269.84,24.72,243397.9452,209505.3,2.057897772
Aug-95,1710,545.45,447.48,82.04,1262.52,25.72,245269.0097,209913.3,2.225015043
Sep-95,1742,545.53,447.83,82.09,1294.17,25.97,246876.5667,211323.3,2.336062704
Oct-95,1728,545.06,449.68,82.5,1278.32,24.78,245018.5581,210132.3,2.514668404
Nov-95,1747,543.23,453.1,83.41,1293.9,25.53,248073.9667,210997.3,2.894490566
Dec-95,1797,541.74,462.35,85.35,1334.65,26.98,250216.2677,212051.3,3.840135153
Jan-96,1827,543.06,463.29,85.31,1363.71,26.62,249611.3516,212359.9,4.130409825
Feb-96,1841,542.1,467.9,86.31,1373.1,26.83,251953.4759,213249.2,6.190658065
Mar-96,1819,541.23,468.97,86.65,1350.03,29.96,250864.3839,213469.9,4.137209003
Apr-96,1620,541.6,476.97,88.07,1143.03,32.93,248634.9667,213076.9,3.115428571
May-96,1677,541.61,480.94,88.8,1196.06,29.63,247456.5452,212859.9,3.123396419
Jun-96,1812,539.57,479.2,88.81,1332.8,28.46,248429,213680.4,3.465342693
Jul-96,1890,541.32,484.45,89.49,1405.55,29.61,250014.4,214222.4,3.444830573
Aug-96,1886,540.61,486.94,90.07,1399.06,30.46,248968.8839,212922.4,2.816173028
Sep-96,1860,540.7,487.7,90.2,1372.3,33.18,249643.9333,214359.4,2.544497146
Oct-96,1902,539.52,489.9,90.8,1412.1,34.32,253230.1742,215841.4,3.267064475
Nov-96,1958,538.37,490.7,91.15,1467.3,32.58,254649.1,217401.4,4.163720227
Dec-96,2005,539.94,489.77,90.71,1515.23,34.8,257050.3032,219176.4,5.236113136
Jan-97,2032,542,494.19,91.18,1537.81,34.44,256844.3258,218787.1,4.52851192
Feb-97,2067,541.57,499.43,92.22,1567.57,30.33,258362.2643,220302.8,3.031544145
Mar-97,2067,540,500.42,92.67,1566.58,28.65,256434.1968,220284.1,2.579294118
Apr-97,1914,540,503,93.15,1411,26.9,258171.3,221629.3,2.768620388
May-97,1969,539.94,499.71,92.55,1469.29,28.41,254761.5452,219633.9,3.055029393
Jun-97,2121,540,502.07,92.98,1618.93,26.1,253266.3,217242.1,2.994856429
Jul-97,2168,539,500.19,92.8,1667.81,26.69,255987.0323,218758,2.977526185
Aug-97,2215,540,501.58,92.89,1713.42,27.03,257337.871,221470,3.349860697
Sep-97,2211,540,501.73,92.91,1709.27,26.77,259748.3667,222810.2,3.842104218
Oct-97,2224,539.87,503.9,93.34,1720.1,28.71,262008.371,224340.5,4.105035294
Nov-97,2230,540,504.4,93.41,1725.6,27.2,260887.5333,223869.5,4.072984539
Dec-97,2318,540.77,505.29,93.44,1812.71,24.69,262704.4258,223523.2,3.140459827
Jan-98,2293,540.16,503,93.12,1790,22.49,264593.5032,227834.6,2.826962963
Feb-98,2290,540.64,503.61,93.15,1786.39,21.62,266684.2786,229067.6,2.988503704
Mar-98,2128,542,504.9,93.16,1623.1,20.22,265957.9548,228471.6,3.001965432
Apr-98,1819,542,500.9,92.42,1318.1,20.76,264260.3333,228120.3,3.253721332
May-98,1810,542,500.87,92.41,1309.13,19.93,260709.6258,226215.4,2.870179582
Jun-98,1882,541.83,495.4,91.43,1386.6,18.3,261703.8667,225317.3,2.906840295
Jul-98,1764,541.52,487.29,89.99,1276.71,18.81,261086.7839,223961.3,2.899715686
Aug-98,1725,542.94,474.52,87.4,1250.48,17.83,258102.3871,221755,2.469082007
Sep-98,1693,545.07,473.37,86.85,1219.63,19.94,258387.1,221862.3,2.680983486
Oct-98,1573,545.94,467.32,85.6,1105.68,19.15,259014.4613,222381.3,2.514772422
Nov-98,1578,546.53,450.97,82.51,1127.03,17.08,262459.6333,225263.3,2.790786106
Dec-98,1566,547.61,444,81.08,1122,14.96,263418.6645,224358.6,2.308145985
Jan-99,1563,548.71,423.19,77.13,1139.81,16.51,262586.2516,225271.8,2.462834244
Feb-99,1486,549,415.46,75.68,1070.54,15.9,265689.1857,226593.9,2.343664845
Mar-99,1337,549,410.26,74.73,926.74,19.4,264793.1871,225470.8,2.368708738
Apr-99,1156,549.87,405.87,73.81,750.13,22.79,257559.2,221116.8,2.82623267
May-99,1171,551.26,406.35,73.71,764.65,23.32,255422.0903,220637.8,2.955903614
Jun-99,1347,552.7,405.13,73.3,941.87,23.5,254346.5667,217414.4,3.021590361
Jul-99,1384,553.77,403.68,72.9,980.32,26.26,259401.6355,222294.7,3.021984403
Aug-99,1465,558.1,415.03,74.37,1049.97,27.75,259436.4097,222037.7,3.641192101
Sep-99,1528,559.13,412.2,73.72,1115.8,31.04,259954.7,222350.9,3.301091776
Oct-99,1595,561.68,413.97,73.7,1181.03,29.37,261687.9,224104.9,3.52871862
Nov-99,1693,563.37,422,74.91,1271,32.34,262193.6,224135.9,3.056228029
Dec-99,1757,565.35,425.32,75.23,1331.68,33.69,262601.3387,222033.5,3.048985782
Jan-00,1837,565,432.26,76.51,1404.74,35.01,261880.7598,225223.5662,3.117268754
Feb-00,1869,565.86,442.45,78.19,1426.55,37.65,266058.1368,227008.1713,3.399482353
Mar-00,1773,570.06,454.29,79.69,1318.71,38.12,265299.5468,227074.6436,3.558147368
Apr-00,1553,571.47,462.5,80.93,1090.5,32.85,264818.4227,228984.656,3.866485664
May-00,1660,573.13,473.84,82.68,1186.16,36.66,267016.9555,230598.3748,4.560317757
Jun-00,1826,574.17,478.43,83.33,1347.57,40.31,266881.1547,229817.9214,5.420339141
Jul-00,1912,575,487.1,84.71,1424.9,37.59,268290.2802,231551.2157,5.00056051
Aug-00,2011,577,490.06,84.93,1520.94,39.42,272751.7364,234224.8654,5.568806022
Sep-00,2039,577,490.87,85.07,1548.13,42.56,272542.4494,234748.2827,6.356479263
Oct-00,2135,578.23,495.84,85.75,1639.16,41.48,273258.3792,235905.5405,6.295351351
Nov-00,2129,579.87,502.6,86.68,1626.4,43.07,275660.8203,237902.9869,6.948013777
Dec-00,2212,580.87,503.45,86.67,1708.55,35.55,272709.8407,232997.8084,11.1787858
Jan-01,2374,582.19,497,85.37,1877,36.74,272052.4935,233137.687,10.1464328
Feb-01,2430,582,506.25,86.98,1923.75,36.69,271467.3845,232767.2774,6.976081818
Mar-01,2331,582.55,515.58,88.5,1815.42,33.73,273277.7254,235035.6609,6.390078365
Apr-01,2165,584.23,521.7,89.3,1643.3,33.89,268697.6818,231940.6818,6.391573696
May-01,2224,585,518.94,88.71,1705.06,35.23,266445.1876,230059.4457,5.178323745
Jun-01,2333,585.17,515.8,88.15,1817.2,33.87,261966.4165,225375.7165,4.553048959
Jul-01,2345,586.1,511.35,87.25,1833.65,32.52,268670.7115,231313.7115,3.810868095
Aug-01,2333,587,502,85.52,1831,33.77,269720.521,231837.5533,3.626471251
Sep-01,2276,587.43,484.4,82.46,1791.6,31.69,267228.2577,230517.0577,2.632633352
Oct-01,2165,588,472.74,80.4,1692.26,27.27,267563.495,230429.0111,3.008423423
Nov-01,2007,588.13,476.57,81.03,1530.43,24.17,269720.016,231950.216,2.899542535
Dec-01,1917,589.35,476.06,80.78,1440.94,23.76,267661.3514,229803.4805,2.962642616
Jan-02,2016,590.94,474.9,80.36,1541.1,24.14,266155.9454,228186.7518,2.761283061
Feb-02,1974,591,472.79,80,1501.21,25.41,266899.5463,228555.6535,2.830139326
Mar-02,1808,591,473.03,80.04,1334.97,29.83,265606.3116,227922.8277,3.701862185
Apr-02,1597,591.7,473.67,80.05,1123.33,31.95,263168.7352,226480.7685,4.159696598
May-02,1658,592,472,79.73,1186,32.83,264224.1607,228396.2898,4.240106964
Jun-02,1778,592,475.03,80.24,1302.97,30.99,264042.7077,227470.5743,3.90989755
Jul-02,1822,592.55,483.87,81.66,1338.13,32.64,266500.2135,228776.5039,3.610435556
Aug-02,1805,593,483.94,81.61,1321.06,34.29,265706.5839,228267.4872,3.733336288
Sep-02,1837,593,476.3,80.32,1360.7,35.79,267144.2105,229963.8105,4.306115044
Oct-02,1818,592.32,475.13,80.21,1342.87,34.72,271890.2427,234348.9201,4.958551876
Nov-02,1875,593,479.7,80.89,1395.3,31.56,273805.817,235145.2837,4.854232507
Dec-02,1957,592.97,482.68,81.4,1474.32,35.29,268583.2762,229276.4052,5.685914191
Jan-03,2066,592,474.55,80.16,1591.45,39.34,269257.4511,230655.4511,6.461187295
Feb-03,2213,592.21,469,79.19,1744,42.61,276248.6062,236053.0348,9.229202614
Mar-03,2137,593,471.84,79.57,1665.16,39.79,275528.3849,237432.7398,7.055878195
Apr-03,1904,593,475.73,80.22,1428.27,33.63,271223.953,234041.753,6.297179039
May-03,1940,593.26,482.13,81.27,1457.87,33.55,270294.1177,233874.4725,6.963297977
Jun-03,2144,594.23,479.33,80.66,1664.67,36.59,268781.1991,231729.6324,6.872318951
Jul-03,2254,591.58,476.1,80.48,1777.9,36.52,271589.2783,234274.0202,5.947636364
Aug-03,2273,589.45,481.74,81.73,1791.26,37.34,273097.0973,235877.0328,5.874566938
Sep-03,2233,589.97,477.9,81,1755.1,33.33,275916.0037,238229.7037,5.431381956
Oct-03,2286,588.65,470.87,79.99,1815.13,35.77,279682.5768,241455.6413,5.472640346
Nov-03,2304,589,478.5,81.24,1825.5,36.65,280209.7311,242482.0311,5.340012973
Dec-03,2334,589,476.45,80.89,1857.55,37.8,286309.7506,246384.5893,7.206632884
Jan-04,2457,585.39,471.58,80.56,1985.42,40.12,284848.529,246013.0128,7.128863124
Feb-04,2477,584.69,471.66,80.67,2005.34,40.58,285709.4281,246035.5316,6.284254954
Mar-04,2397,584.39,470.65,80.54,1926.35,42.85,285034.4528,245765.5496,6.29413148
Apr-04,2136,583.07,473.3,81.17,1662.7,42.7,283322.9491,245367.0491,6.65644397
May-04,2190,585.42,475.94,81.3,1714.06,46.68,280549.6066,244097.1872,7.346584485
Jun-04,2282,585,480.67,82.17,1801.33,43.89,286987.2621,249082.8288,7.23854738
Jul-04,2381,585.39,485.65,82.96,1895.35,46.93,289251.5513,250922.3578,6.838785828
Aug-04,2443,586.29,490.32,83.63,1952.68,51.8,286028.7613,247692.6,6.224270613
Sep-04,2379,585.2,499.33,85.33,1879.67,52.8,287701.1241,249442.4574,5.905854584
Oct-04,2454,584.87,508.61,86.96,1945.39,60.73,290576.0357,252060.0357,7.32648218
Nov-04,2585,583.23,508.77,87.23,2076.23,55.13,290332.4989,251506.6656,6.928050078
Dec-04,2555,582,508.87,87.43,2046.13,49.29,290798.7695,250492.6728,7.485479395
Jan-05,2665,582.65,513.48,88.13,2151.52,53.31,290824.5568,251644.46,6.999958246
Feb-05,2745,583.43,518.32,88.84,2226.68,54.37,293082.8916,252807.963,6.959517672
Mar-05,2617,584.06,522.23,89.41,2094.77,61.34,293240.617,253257.488,7.87166028
Apr-05,2415,584.33,528.4,90.43,1886.6,59.72,291959.516,254515.816,8.049932886
May-05,2485,585,530.65,90.71,1954.35,56.13,292609.8364,255410.417,7.288107438
Jun-05,2580,586.13,530,90.42,2050,63.34,292474.3137,253969.647,8.094967475
Jul-05,2759,587.1,533.39,90.85,2225.61,65.68,291085.5531,253052.166,8.537457158
Aug-05,2894,589.03,536.65,91.11,2357.35,72.25,292960.239,253743.11,10.70938501
Sep-05,2856,589.4,531.6,90.19,2324.4,71.93,289574.2017,251696.935,14.12912676
Oct-05,2923,589.32,525.58,89.18,2397.42,68.32,288720.561,251641.432,14.80884782
Nov-05,3021,587.97,529.8,90.11,2491.2,64.18,292933.6907,254021.524,11.48195053
Dec-05,2993,588,531.9,90.46,2461.1,65.42,293852.1498,253142.795,14.1240101
Jan-06,3038,588.06,534.84,90.95,2503.16,71.68,292106.9691,253010.582,9.476030105
Feb-06,3133,589.04,535.75,90.95,2597.25,67.4,292934.0547,253162.269,8.191671013
Mar-06,3069,590,539.87,91.5,2529.13,68.69,291461.9333,252072.643,7.535062594
Apr-06,2707,590.13,544.27,92.23,2162.73,75.72,290033.57,252987.37,7.703972098
May-06,2795,590.26,548.87,92.99,2246.13,76.85,289387.3967,252335.558,6.716820666
Jun-06,2979,593.07,552.3,93.13,2426.7,76.68,290460.402,252296.902,6.689371655
Jul-06,3155,593,550.52,92.84,2604.48,79.98,294224.1096,256282.529,6.717594874
Aug-06,3174,594.84,550.61,92.57,2623.39,78.17,294236.4833,255642.322,7.490480864
Sep-06,3134,595,548.7,92.22,2585.3,68.68,292035.165,254137.165,5.226177515
Oct-06,3130,596,548.19,91.98,2581.81,63.6,293096.1384,254936.461,6.437626548
Nov-06,3077,596.23,548.13,91.93,2528.87,64.1,292258.4613,253378.228,8.043049505
Dec-06,3125,598.16,554.45,92.69,2570.55,66.61,291826.7762,252543.873,7.065319547
Jan-07,3254,599,555.77,92.78,2698.23,58.5,290137.5696,251945.118,7.053615616
Feb-07,3352,599,553.25,92.36,2798.75,63.28,292442.2944,252833.723,8.510657801
Mar-07,3135,600.74,556.13,92.57,2578.87,64.33,290948.2879,252475.675,7.563664705
Apr-07,2836,602,555.43,92.26,2280.57,67.75,291193.254,253734.754,8.038829746
May-07,2862,602.52,559.94,92.93,2302.06,66.94,289777.2985,252705.105,8.026837561
Jun-07,2996,604.73,565.77,93.56,2430.23,71.01,290110.1353,252607.102,7.682059894
Jul-07,3144,606.23,568.45,93.77,2575.55,77.92,291660.2442,254023.47,6.533901726
Aug-07,3156,607.1,563.65,92.84,2592.35,76.02,289622.6136,251607.162,6.510885215
Sep-07,3166,610.47,560.6,91.83,2605.4,83.58,291789.253,254140.753,6.378840261
Oct-07,3124,612,562.35,91.89,2561.65,89.86,294590.5235,256396.459,7.088981309
Nov-07,3161,615.83,565.83,91.88,2595.17,97.87,294363.159,255667.259,7.385389453
Dec-07,3207,617.03,567.61,91.99,2639.39,94.61,295907.7276,257167.405,7.374362127
Jan-08,3296,619.19,571.97,92.37,2724.03,95.54,295395.599,257231.599,8.222685155
Feb-08,3417,621,567.9,91.45,2849.1,97.77,296242.519,257570.519,8.766798159
Mar-08,3259,622.61,570.9,91.69,2688.1,107.85,295216.4005,258275.594,9.603987857
Apr-08,3009,626.73,578.1,92.24,2430.9,114.75,293880.739,256841.339,10.32593133
May-08,3073,628.68,584.45,92.97,2488.55,127.06,294967.9281,258924.412,11.37986692
Jun-08,3269,630.9,589.63,93.46,2679.37,134.31,294738.299,258841.199,12.71597651
Jul-08,3436,632.81,591.94,93.54,2844.06,132.87,298026.2038,261792.978,11.10234869
Aug-08,3523,635.29,593.26,93.38,2929.74,116.28,294218.6564,258970.108,8.226987974
Sep-08,3557,638.73,595.6,93.25,2961.4,103.52,288972.9577,254213.291,7.661998291
Oct-08,3518,639.19,593.74,92.89,2924.26,77.03,295461.1021,258829.715,6.763650775
Nov-08,3448,642.9,592.13,92.1,2855.87,58.77,293787.7233,258066.49,6.824176061
Dec-08,3221,647.26,593.45,91.69,2627.55,42.32,290855.9492,254218.304,5.973013936
Jan-09,2974,651.61,590.84,90.67,2383.16,42.95,287012.175,250975.046,5.391983315
Feb-09,2753,654.46,576.89,88.15,2176.11,40.15,289122.2694,252987.698,4.634219224
Mar-09,2313,657.48,567.55,86.32,1745.45,49.24,288319.0327,252705.194,4.053817737
Apr-09,2055,659.97,559.77,84.82,1495.23,51.05,288550.8067,253819.14,3.588376608
May-09,1983,663.39,551.87,83.19,1431.13,60.56,287010.2794,253667.86,3.900464741
Jun-09,1987,666.33,541.67,81.29,1445.33,70.75,289076.461,254493.261,3.858205689
Jul-09,2080,669.42,530.81,79.29,1549.19,65.09,291439.7516,257001.429,3.442951482
Aug-09,2105,673.94,522.48,77.53,1582.52,71.93,290253.3951,255965.879,3.188526074
Sep-09,2203,676.37,527.77,78.03,1675.23,70.17,291859.1943,257195.161,2.9904281
Oct-09,2271,681.58,533.48,78.27,1737.52,76.37,293637.3691,258607.982,4.049169319
Nov-09,2409,686.77,534.97,77.9,1874.03,78.38,293828.3187,259041.852,3.704370402
Dec-09,2509,686.58,534.19,77.8,1974.81,74.55,293756.0706,257534.748,5.388110257
Jan-10,2773,689.84,540.58,78.36,2232.42,78.43,293493.5598,258645.463,5.825814758
Feb-10,2982,693.71,550.86,79.41,2431.14,76.7,296498.5694,260379.498,5.3596366
Mar-10,2879,696.42,556.48,79.91,2322.52,81.51,297406.93,261508.059,4.304349146
Apr-10,2676,698.7,562.4,80.49,2113.6,84.74,297532.0323,262426.199,4.02248727
May-10,2750,701.52,565.16,80.56,2184.84,74.11,297840.9267,263637.088,4.175124488
Jun-10,2859,702.93,565.33,80.42,2293.67,75.66,299545.119,263969.419,4.809429141
Jul-10,3032,704.52,559.32,79.39,2472.68,76.54,300205.6759,264724.063,4.640106615
Aug-10,3127,709.06,559.48,78.9,2567.52,76.88,300546.0242,264452.121,4.313105088
Sep-10,3122,713.7,556.6,77.99,2565.4,75.24,301368.419,265001.119,3.896515863
Oct-10,3165,717.77,554.23,77.21,2610.77,81.54,299449.7735,264403.709,3.415045084
Nov-10,3233,723.67,553.13,76.43,2679.87,83.56,301584.4193,265766.286,3.704350836
Dec-10,3227,730.58,551.13,75.44,2675.87,88.07,302197.4382,265209.664,4.193998331
Jan-11,3436,733.52,544.77,74.27,2891.23,88.16,302948.6377,267452.67,4.42692925
Feb-11,3536,733.82,550.86,75.07,2985.14,88.04,300237.4607,264061.175,3.999971158
Mar-11,3434,735.52,569.77,77.47,2864.23,100.65,297136.5943,261344.433,3.881610071
Apr-11,3103,739.53,579.77,78.4,2523.23,107.09,295171.2447,261170.678,4.126229735
May-11,3130,743,582.81,78.44,2547.19,98.3,294200.4099,260615.926,4.181048549
Jun-11,3257,744.87,591.87,79.46,2665.13,93.41,298260.757,263343.557,4.413867957
Jul-11,3397,744.77,596.9,80.15,2800.1,94.04,299525.7857,264752.947,4.26687726
Aug-11,3613,751.45,606.48,80.71,3006.52,83.27,302269.0779,266250.336,3.906238667
Sep-11,3662,756.2,615.23,81.36,3046.77,82.39,299536.42,264093.52,3.753412446
Oct-11,3722,760.23,622,81.82,3100,83.11,300460.6461,265439.388,3.433497685
Nov-11,3683,761.6,625.2,82.09,3057.8,93.32,303850.6233,268440.99,3.110368052
Dec-11,3612,765.1,633.48,82.8,2978.52,94.6,305311.0011,269371.485,3.032847907
Jan-12,3751,766.42,633.39,82.64,3117.61,95.95,304582.2147,269775.376,2.565174112
Feb-12,3900,768.14,631.83,82.25,3268.17,97.66,307761.5108,271319.097,2.406884802
Mar-12,3663,768.55,636.97,82.88,3026.03,101.21,305211.2769,270345.793,2.068265394
Apr-12,3298,768.97,639.5,83.16,2658.5,98.32,305565.1327,271572.966,1.855497912
May-12,3335,769.97,645.94,83.89,2689.06,90.3,304887.4885,270317.295,2.326562985
Jun-12,3484,770.6,652.63,84.69,2831.37,78.64,304328.4573,269508.524,2.347573121
Jul-12,3516,773.23,658.1,85.11,2857.9,83.89,305692.4432,270836.798,2.814366333
Aug-12,3490,774.1,657.94,84.99,2832.06,89.31,306624.1224,271115.445,2.693774302
Sep-12,3468,774.2,663.33,85.68,2804.67,89.42,303358.606,269054.106,2.68098262
Oct-12,3458,777.1,662.9,85.31,2795.1,84.33,306296.7779,271206.036,3.125677134
Nov-12,3461,778.8,663.57,85.2,2797.43,81.72,308029.8053,272651.372,3.338406653
Dec-12,3390,778.9,670.65,86.1,2719.35,83.23,306839.8849,271611.401,3.150177536
Jan-13,3539,781.74,677.26,86.63,2861.74,89.13,304614.8932,269284.119,3.13453701
Feb-13,3679,784.43,682.5,87.01,2996.5,89.24,304440.4936,268700.315,3.117608624
Mar-13,3488,786.13,683.84,86.99,2804.16,87.36,303991.4261,269371.168,3.577052032
Apr-13,3209,791.7,689.67,87.11,2519.33,86.62,306769.673,271931.073,3.923232829
May-13,3178,794.84,695.87,87.55,2482.13,89.15,306777.5342,272223.631,3.799352287
Jun-13,3277,798.2,697.97,87.44,2579.03,89.88,306622.4207,272176.054,3.593307664
Jul-13,3362,801.65,701.97,87.57,2660.03,98.01,310308.5215,274724.715,3.389650494
Aug-13,3416,804.65,706.03,87.74,2709.97,99.55,309466.519,274335.519,3.204091563
Sep-13,3431,809.73,715.1,88.31,2715.9,99.25,307425.7453,272350.412,3.380303497
Oct-13,3437,812.23,719.29,88.56,2717.71,93.83,308410.2173,273115.185,3.425159521
Nov-13,3452,818.13,721.63,88.2,2730.37,87.44,310065.318,273950.318,3.372275096
Dec-13,3478,822.84,725.29,88.14,2752.71,90.71,309833.3067,274238.339,3.939430553
Jan-14,3598,826.9,724.52,87.62,2873.48,87.7,310032.349,274616.22,4.356261263
Feb-14,3736,831.71,725.86,87.27,3010.14,93.34,312223.2761,276229.419,5.52729434
Mar-14,3597,838.13,731.32,87.26,2865.68,93.13,309513.0972,274747.452,4.508915891
Apr-14,3388,843.37,737.1,87.4,2650.9,94.13,309738.3123,275404.579,4.269966338
May-14,3371,849.13,731.06,86.1,2639.94,94.06,310389.8606,276738.28,4.197421893
Jun-14,3445,852.2,728.2,85.45,2716.8,97.25,313378.726,279152.926,4.201076588
Jul-14,3608,856.03,732.45,85.56,2875.55,95.12,314843.7755,279735.969,3.682139639
Aug-14,3642,856.65,727,84.87,2915,88.66,315855.6544,280945.235,3.563338668
Sep-14,3659,861.4,723.3,83.97,2935.7,85.6,317613.9543,282668.121,3.599816403
Oct-14,3657,863.77,720.68,83.43,2936.32,77.52,321647.2813,286208.991,3.462753654
Nov-14,3670,865.4,717.2,82.87,2952.8,69.74,319562.0953,284521.362,3.772962618
Dec-14,3570,865.74,710.23,82.04,2859.77,54.73,323177.2871,286782.771,3.166171715
Jan-15,3309,862.06,697.61,80.92,2611.39,43.87,318788.9342,283394.16,2.759471366
Feb-15,2986,862.11,683.43,79.27,2302.57,46.89,320176.9043,283112.19,2.64214661
Mar-15,2557,857.71,678.9,79.15,1878.1,44.19,321882.6492,286303.746,2.587335014
Apr-15,2268,853.53,665.33,77.95,1602.67,50.28,321730.1117,286483.845,2.382520029
May-15,2127,851.1,653.45,76.78,1473.55,54.54,321330.6731,287245.415,2.613566045
Jun-15,2136,852.87,643.6,75.46,1492.4,54.89,324275.0617,288889.295,2.541532455
Jul-15,2167,852.35,634.16,74.4,1532.84,46.63,326526.0838,290566.858,2.5925588
Aug-15,2226,851.35,618.06,72.6,1607.94,39.28,326208.2515,290334.316,2.528697464
Sep-15,2171,852.6,603.9,70.83,1567.1,41.76,325264.6687,289666.302,2.433252213
Oct-15,2086,852.55,594.19,69.7,1491.81,42.39,325576.0238,290281.669,2.127779764
Nov-15,2047,851.5,582.63,68.42,1464.37,38.89,326081.7433,291112.31,1.905781124
Dec-15,1969,851.19,572.9,67.31,1396.1,34.1,327311.8761,290975.618,1.760654621
Jan-16,1891,850.58,552.26,64.93,1338.74,29.05,325503.3201,290455.804,2.081467248
Feb-16,1761,847.93,541.24,63.83,1219.76,27.84,324625.0448,287923.562,1.799968838
Mar-16,1551,842.19,534.71,63.49,1016.29,34.4,324431.9,288423.771,1.557465615
Apr-16,1424,844.43,527.7,62.49,896.3,37.21,322631.072,287446.372,1.734946216
May-16,1405,837.71,514.06,61.37,890.94,42.54,320518.7698,285931.673,1.748545084
Jun-16,1407,834.7,498.13,59.68,908.87,44.28,322689.7967,287438.83,2.333649502
Jul-16,1481,836.1,495.32,59.24,985.68,40.55,326029.6754,290606.127,2.533596502
Aug-16,1547,835.06,485.19,58.1,1061.81,40.53,324042.1781,287620.662,2.528836834
Sep-16,1584,837.37,480.9,57.43,1103.1,40.87,323841.258,288073.258,2.686973296
Oct-16,1620,836.19,476.06,56.93,1143.94,44.92,327104.7613,291784.471,2.661811983
Nov-16,1678,832.2,463.97,55.75,1214.03,41.14,331104.8907,295191.324,2.25262262
Dec-16,1772,831.42,458.68,55.17,1313.32,46.68,328759.8685,291927.675,3.215883216
Jan-17,1918,829.42,454.84,54.84,1463.16,46.97,324139.0925,288973.028,2.916321273
Feb-17,2027,824.36,456.18,55.34,1570.82,47.8,325197.3503,289429.136,2.520835707
Mar-17,1985,823,459.77,55.87,1525.23,44.14,323892.7874,287497.239,2.56776274
Apr-17,1917,824.6,464.4,56.32,1452.6,45.63,321846.5833,286877.55,2.752237852
May-17,1935,824.81,465.61,56.45,1469.39,43.34,325296.4297,289741.72,2.788998287
Jun-17,2041,824.1,468.27,56.82,1572.73,40.35,328166.315,291875.415,2.625726712
Jul-17,2110,824.77,476.94,57.83,1633.06,41.61,330017.8355,294037.9,2.641338844
Aug-17,2116,817.94,471.58,57.65,1644.42,42.71,327999.71,291783.839,2.560448762
Sep-17,2081,814.4,469.8,57.69,1611.2,44.09,327942.2513,292217.818,2.619600841
Oct-17,2077,807.19,460.35,57.03,1616.65,45.62,329359.339,293700.468,2.538210044
Nov-17,2057,802.73,463.47,57.74,1593.53,49.94,332267.643,295432.243,2.636372164
Dec-17,2089,801.48,468.84,58.5,1620.16,50.92,330133.5567,293199.718,2.427988592
Jan-18,2175,804.55,464.26,57.7,1710.74,55.82,331003.7516,294525.3,3.39977821
Feb-18,2271,801.21,466.29,58.2,1804.71,54.42,332122.812,295367.562,2.334987909
Mar-18,2179,795.94,464.16,58.32,1714.84,54.83,332359.6061,295706.09,2.351262134
Apr-18,2087,794.33,463.87,58.4,1623.13,57.8,331506.8383,295885.005,2.408027013
May-18,2096,787,476.52,60.55,1619.48,60.89,331410.8946,295849.443,2.418799422
Jun-18,2152,776.33,479.83,61.81,1672.17,58.94,334407.7227,298371.656,2.55304021
Jul-18,2251,773.77,478.77,61.88,1772.23,61.52,337133.93,300698.801,2.426992373
Aug-18,2278,770.1,476.52,61.88,1801.48,58.93,339200.7368,302101.64,2.562805156
Sep-18,2258,767.63,483.27,62.96,1774.73,60.77,337982.777,302215.077,2.596087457
Oct-18,2271,766.42,485.16,63.3,1785.84,61.03,341183.3002,304741.655,2.838212932
Nov-18,2266,763.93,486.5,63.68,1779.5,49.14,341614.9123,305019.179,3.571970248
Dec-18,2244,762.77,494.06,64.77,1749.94,42.73,339153.8575,303033.664,3.408538202
Jan-19,2265,756.87,497.1,65.68,1767.9,44.35,335111.7356,298683.284,2.658322812
Feb-19,2306,756.39,500.82,66.21,1805.18,47.34,334663.2267,298063.441,2.34352878
Mar-19,2213,756.68,505.39,66.79,1707.61,49.9,333425.5262,298013.623,2.522763114
Apr-19,2140,756.47,508.97,67.28,1631.03,54.62,333806.5497,298315.383,2.266694907
May-19,2182,757.32,513.1,67.75,1668.9,51.99,332523.3423,297656.181,2.247850914
Jun-19,2221,757.6,522.43,68.96,1698.57,46.69,334474.468,298811.568,2.050065608
Jul-19,2238,758.45,529.03,69.75,1708.97,48.82,333526.5772,297266.932,2.009161426
Aug-19,2206,761.97,531.39,69.74,1674.61,46.64,,,1.888948888
Sep-19,2141,759.4,535.77,70.55,1605.23,48.45,,,2.194768254
Oct-19,2123,758.9,534.26,70.4,1588.74,49.24,,,49.24094515